Description,Category
Refund Received,Refund
Restaurant Dinner,Food
Stock Profit,Investment
Grocery Shopping,Groceries
Birthday Gift,Gift
Doctor Visit,Healthcare
Bank Interest,Interest
Water Bill Payment,Water Bill
Stock Profit,Investment
Petrol Filling,Transportation
Hospital Bill,Healthcare
Internet Recharge,Internet Bill
Refund Received,Refund
Internet Recharge,Internet Bill
Mutual Fund Return,Investment
Room Rent,Rent
Municipal Water Bill,Water Bill
Flat Rent Income,Rental Income
Clothes Shopping,Shopping
Flat Rent Income,Rental Income
Mutual Fund Return,Investment
Shop Income,Business
Flat Rent,Rent
Electric Bill Payment,Electricity Bill
College Fees,Education
College Fees,Education
Performance Bonus,Bonus
Design Work Payment,Freelancing
Amazon Purchase,Shopping
Grocery Shopping,Groceries
Money Returned,Refund
Pizza Order,Food
Hospital Bill,Healthcare
Wedding Gift,Gift
Birthday Gift,Gift
Restaurant Dinner,Food
Dmart Shopping,Groceries
Mall Shopping,Shopping
Shop Income,Business
Power Bill Paid,Electricity Bill
Client Project Payment,Freelancing
Water Bill Payment,Water Bill
Electric Bill Payment,Electricity Bill
Tenant Rent,Rental Income
Mall Shopping,Shopping
Tenant Rent,Rental Income
Salary Credited,Salary
House Rent Received,Rental Income
Money Returned,Refund
Dmart Shopping,Groceries
Tenant Rent,Rental Income
Investment Gain,Investment
Cash Gift Received,Gift
Investment Gain,Investment
Freelance Payment,Freelancing
College Fees,Education
Stock Profit,Investment
Order Refund,Refund
Investment Gain,Investment
Amazon Purchase,Shopping
Daily Sales Earning,Business
Gaming Expense,Entertainment
Cash Gift Received,Gift
Hospital Bill,Healthcare
Dmart Shopping,Groceries
Swiggy Food,Food
Book Purchase,Education
Municipal Water Bill,Water Bill
College Fees,Education
Book Purchase,Education
Business Profit Received,Business
Performance Bonus,Bonus
Electric Bill Payment,Electricity Bill
Flat Rent,Rent
Performance Bonus,Bonus
Performance Bonus,Bonus
Internet Recharge,Internet Bill
Doctor Visit,Healthcare
Design Work Payment,Freelancing
Flat Rent,Rent
Cash Gift Received,Gift
Room Rent,Rent
Doctor Visit,Healthcare
Birthday Gift,Gift
Medicine Purchase,Healthcare
Flat Rent,Rent
Grocery Shopping,Groceries
Fd Interest,Interest
Movie Tickets,Entertainment
Vegetables Purchase,Groceries
Freelance Payment,Freelancing
Light Bill,Electricity Bill
Vegetables Purchase,Groceries
Shop Income,Business
Amazon Purchase,Shopping
Broadband Bill,Internet Bill
Flat Rent,Rent
Amazon Purchase,Shopping
Grocery Shopping,Groceries
Municipal Water Bill,Water Bill
College Fees,Education
Yearly Bonus,Bonus
Monthly Salary,Salary
Daily Sales Earning,Business
Electric Bill Payment,Electricity Bill
Power Bill Paid,Electricity Bill
Dmart Shopping,Groceries
College Fees,Education
Bus Ticket,Transportation
Flat Rent,Rent
Water Bill Payment,Water Bill
Clothes Shopping,Shopping
Flat Rent,Rent
Office Salary Deposit,Salary
Monthly Salary,Salary
Dmart Shopping,Groceries
Festival Bonus,Bonus
Salary Credited,Salary
Petrol Filling,Transportation
House Rent Received,Rental Income
Water Bill Payment,Water Bill
Stock Profit,Investment
Gaming Expense,Entertainment
House Rent Paid,Rent
Course Payment,Education
Interest Credited,Interest
College Fees,Education
Book Purchase,Education
Netflix Subscription,Entertainment
House Rent Received,Rental Income
Order Refund,Refund
Electric Bill Payment,Electricity Bill
Client Project Payment,Freelancing
Amazon Purchase,Shopping
Wifi Bill,Internet Bill
Hospital Bill,Healthcare
Mall Shopping,Shopping
Performance Bonus,Bonus
Flat Rent Income,Rental Income
Amazon Purchase,Shopping
Bank Interest,Interest
Course Payment,Education
College Fees,Education
Bus Ticket,Transportation
Fd Interest,Interest
Petrol Filling,Transportation
Shop Income,Business
Light Bill,Electricity Bill
Grocery Shopping,Groceries
Course Payment,Education
Dmart Shopping,Groceries
Cash Gift Received,Gift
Order Refund,Refund
Interest Credited,Interest
Investment Gain,Investment
Stock Profit,Investment
Water Bill Payment,Water Bill
Mall Shopping,Shopping
Vegetables Purchase,Groceries
Broadband Bill,Internet Bill
Restaurant Dinner,Food
Pizza Order,Food
Client Project Payment,Freelancing
Medicine Purchase,Healthcare
Festival Bonus,Bonus
Swiggy Food,Food
Mutual Fund Return,Investment
Office Salary Deposit,Salary
Cash Gift Received,Gift
Municipal Water Bill,Water Bill
Bus Ticket,Transportation
Internet Recharge,Internet Bill
Interest Credited,Interest
Swiggy Food,Food
House Rent Paid,Rent
Tenant Rent,Rental Income
Shop Income,Business
Interest Credited,Interest
Internet Recharge,Internet Bill
Amazon Purchase,Shopping
Electric Bill Payment,Electricity Bill
Birthday Gift,Gift
Monthly Salary,Salary
Broadband Bill,Internet Bill
Internet Recharge,Internet Bill
Refund Received,Refund
Broadband Bill,Internet Bill
Bus Ticket,Transportation
Room Rent,Rent
Freelance Payment,Freelancing
Broadband Bill,Internet Bill
Room Rent,Rent
Restaurant Dinner,Food
Restaurant Dinner,Food
Business Profit Received,Business
Freelance Payment,Freelancing
Swiggy Food,Food
Cash Gift Received,Gift
Bus Ticket,Transportation
Netflix Subscription,Entertainment
Fd Interest,Interest
Wifi Bill,Internet Bill
Performance Bonus,Bonus
Gaming Expense,Entertainment
Mall Shopping,Shopping
Wedding Gift,Gift
Salary Credited,Salary
Water Bill Payment,Water Bill
Fd Interest,Interest
Flat Rent Income,Rental Income
Yearly Bonus,Bonus
Design Work Payment,Freelancing
Medicine Purchase,Healthcare
Mutual Fund Return,Investment
Fd Interest,Interest
Light Bill,Electricity Bill
Shop Income,Business
Bus Ticket,Transportation
Wedding Gift,Gift
Dmart Shopping,Groceries
Movie Tickets,Entertainment
Mall Shopping,Shopping
Investment Gain,Investment
Light Bill,Electricity Bill
Grocery Shopping,Groceries
Water Bill Payment,Water Bill
Bank Interest,Interest
Power Bill Paid,Electricity Bill
Electric Bill Payment,Electricity Bill
Bank Interest,Interest
Flat Rent Income,Rental Income
Electric Bill Payment,Electricity Bill
Bank Interest,Interest
Festival Bonus,Bonus
Grocery Shopping,Groceries
Movie Tickets,Entertainment
Swiggy Food,Food
Mutual Fund Return,Investment
Pizza Order,Food
Netflix Subscription,Entertainment
Power Bill Paid,Electricity Bill
Client Project Payment,Freelancing
Dmart Shopping,Groceries
Swiggy Food,Food
Water Bill Payment,Water Bill
Flat Rent Income,Rental Income
Mall Shopping,Shopping
Amazon Purchase,Shopping
Gaming Expense,Entertainment
Bus Ticket,Transportation
Investment Gain,Investment
Water Bill Payment,Water Bill
Doctor Visit,Healthcare
Municipal Water Bill,Water Bill
Client Project Payment,Freelancing
Internet Recharge,Internet Bill
Swiggy Food,Food
Municipal Water Bill,Water Bill
Flat Rent,Rent
Daily Sales Earning,Business
Mall Shopping,Shopping
Interest Credited,Interest
Room Rent,Rent
Wedding Gift,Gift
Uber Ride,Transportation
Broadband Bill,Internet Bill
Grocery Shopping,Groceries
Room Rent,Rent
Wifi Bill,Internet Bill
Mall Shopping,Shopping
Flat Rent Income,Rental Income
Order Refund,Refund
Gaming Expense,Entertainment
Water Bill Payment,Water Bill
Movie Tickets,Entertainment
Power Bill Paid,Electricity Bill
Stock Profit,Investment
Netflix Subscription,Entertainment
Yearly Bonus,Bonus
Mall Shopping,Shopping
Hospital Bill,Healthcare
Petrol Filling,Transportation
Money Returned,Refund
Medicine Purchase,Healthcare
Doctor Visit,Healthcare
Water Bill Payment,Water Bill
Client Project Payment,Freelancing
Petrol Filling,Transportation
Light Bill,Electricity Bill
Water Bill Payment,Water Bill
Dmart Shopping,Groceries
Medicine Purchase,Healthcare
Yearly Bonus,Bonus
Broadband Bill,Internet Bill
Bank Interest,Interest
Room Rent,Rent
Book Purchase,Education
Flat Rent,Rent
Amazon Purchase,Shopping
Client Project Payment,Freelancing
Wifi Bill,Internet Bill
Daily Sales Earning,Business
Water Bill Payment,Water Bill
Gaming Expense,Entertainment
Office Salary Deposit,Salary
Course Payment,Education
College Fees,Education
Netflix Subscription,Entertainment
Yearly Bonus,Bonus
Cash Gift Received,Gift
Design Work Payment,Freelancing
Internet Recharge,Internet Bill
Doctor Visit,Healthcare
Dmart Shopping,Groceries
Power Bill Paid,Electricity Bill
Money Returned,Refund
Freelance Payment,Freelancing
Mall Shopping,Shopping
Fd Interest,Interest
Grocery Shopping,Groceries
Vegetables Purchase,Groceries
Restaurant Dinner,Food
Vegetables Purchase,Groceries
Netflix Subscription,Entertainment
Wedding Gift,Gift
House Rent Received,Rental Income
Restaurant Dinner,Food
Book Purchase,Education
Doctor Visit,Healthcare
Freelance Payment,Freelancing
Swiggy Food,Food
Flat Rent,Rent
Room Rent,Rent
Flat Rent Income,Rental Income
Movie Tickets,Entertainment
Municipal Water Bill,Water Bill
House Rent Received,Rental Income
House Rent Paid,Rent
Money Returned,Refund
House Rent Paid,Rent
Clothes Shopping,Shopping
Wifi Bill,Internet Bill
Uber Ride,Transportation
Interest Credited,Interest
Broadband Bill,Internet Bill
Hospital Bill,Healthcare
House Rent Paid,Rent
Business Profit Received,Business
Business Profit Received,Business
Bus Ticket,Transportation
House Rent Received,Rental Income
Birthday Gift,Gift
Course Payment,Education
Movie Tickets,Entertainment
Festival Bonus,Bonus
House Rent Paid,Rent
Performance Bonus,Bonus
House Rent Paid,Rent
Mall Shopping,Shopping
Pizza Order,Food
Petrol Filling,Transportation
Dmart Shopping,Groceries
Order Refund,Refund
Office Salary Deposit,Salary
Municipal Water Bill,Water Bill
Wedding Gift,Gift
Vegetables Purchase,Groceries
Water Bill Payment,Water Bill
Performance Bonus,Bonus
Client Project Payment,Freelancing
Monthly Salary,Salary
Dmart Shopping,Groceries
Broadband Bill,Internet Bill
House Rent Received,Rental Income
Book Purchase,Education
Book Purchase,Education
Bank Interest,Interest
Fd Interest,Interest
Water Bill Payment,Water Bill
Shop Income,Business
Bank Interest,Interest
Shop Income,Business
Light Bill,Electricity Bill
Yearly Bonus,Bonus
Pizza Order,Food
Fd Interest,Interest
Movie Tickets,Entertainment
Birthday Gift,Gift
Medicine Purchase,Healthcare
Broadband Bill,Internet Bill
Petrol Filling,Transportation
Refund Received,Refund
Cash Gift Received,Gift
Room Rent,Rent
Interest Credited,Interest
Shop Income,Business
Light Bill,Electricity Bill
Design Work Payment,Freelancing
Wifi Bill,Internet Bill
Client Project Payment,Freelancing
Light Bill,Electricity Bill
Performance Bonus,Bonus
Design Work Payment,Freelancing
Fd Interest,Interest
Room Rent,Rent
Light Bill,Electricity Bill
Broadband Bill,Internet Bill
Uber Ride,Transportation
Room Rent,Rent
Light Bill,Electricity Bill
Mutual Fund Return,Investment
Medicine Purchase,Healthcare
Daily Sales Earning,Business
Clothes Shopping,Shopping
Money Returned,Refund
Electric Bill Payment,Electricity Bill
Office Salary Deposit,Salary
Internet Recharge,Internet Bill
Swiggy Food,Food
Wifi Bill,Internet Bill
Wifi Bill,Internet Bill
Electric Bill Payment,Electricity Bill
Electric Bill Payment,Electricity Bill
Order Refund,Refund
Amazon Purchase,Shopping
Vegetables Purchase,Groceries
Clothes Shopping,Shopping
Investment Gain,Investment
College Fees,Education
Tenant Rent,Rental Income
Festival Bonus,Bonus
Netflix Subscription,Entertainment
Tenant Rent,Rental Income
College Fees,Education
Hospital Bill,Healthcare
Wedding Gift,Gift
Design Work Payment,Freelancing
Petrol Filling,Transportation
Restaurant Dinner,Food
Grocery Shopping,Groceries
Daily Sales Earning,Business
Grocery Shopping,Groceries
Power Bill Paid,Electricity Bill
Freelance Payment,Freelancing
Swiggy Food,Food
Municipal Water Bill,Water Bill
College Fees,Education
Client Project Payment,Freelancing
Course Payment,Education
College Fees,Education
Movie Tickets,Entertainment
Hospital Bill,Healthcare
Cash Gift Received,Gift
Design Work Payment,Freelancing
Course Payment,Education
Electric Bill Payment,Electricity Bill
Money Returned,Refund
Salary Credited,Salary
Festival Bonus,Bonus
Refund Received,Refund
Vegetables Purchase,Groceries
Office Salary Deposit,Salary
Water Bill Payment,Water Bill
Dmart Shopping,Groceries
Daily Sales Earning,Business
Interest Credited,Interest
Shop Income,Business
Internet Recharge,Internet Bill
Netflix Subscription,Entertainment
Office Salary Deposit,Salary
Money Returned,Refund
Refund Received,Refund
Medicine Purchase,Healthcare
Festival Bonus,Bonus
Course Payment,Education
Business Profit Received,Business
Pizza Order,Food
Broadband Bill,Internet Bill
Refund Received,Refund
Swiggy Food,Food
Broadband Bill,Internet Bill
Design Work Payment,Freelancing
Investment Gain,Investment
Internet Recharge,Internet Bill
Grocery Shopping,Groceries
College Fees,Education
Mall Shopping,Shopping
Fd Interest,Interest
Book Purchase,Education
Grocery Shopping,Groceries
Money Returned,Refund
Pizza Order,Food
Investment Gain,Investment
Wifi Bill,Internet Bill
Salary Credited,Salary
Cash Gift Received,Gift
Investment Gain,Investment
Municipal Water Bill,Water Bill
Petrol Filling,Transportation
Gaming Expense,Entertainment
Clothes Shopping,Shopping
Wifi Bill,Internet Bill
Swiggy Food,Food
Birthday Gift,Gift
Amazon Purchase,Shopping
Book Purchase,Education
Municipal Water Bill,Water Bill
Freelance Payment,Freelancing
Monthly Salary,Salary
Netflix Subscription,Entertainment
Power Bill Paid,Electricity Bill
Internet Recharge,Internet Bill
House Rent Paid,Rent
Performance Bonus,Bonus
Cash Gift Received,Gift
House Rent Paid,Rent
Wifi Bill,Internet Bill
Investment Gain,Investment
Wedding Gift,Gift
Business Profit Received,Business
Internet Recharge,Internet Bill
Uber Ride,Transportation
Refund Received,Refund
Tenant Rent,Rental Income
Wifi Bill,Internet Bill
Business Profit Received,Business
Course Payment,Education
Yearly Bonus,Bonus
Birthday Gift,Gift
College Fees,Education
Money Returned,Refund
Light Bill,Electricity Bill
Grocery Shopping,Groceries
Monthly Salary,Salary
Refund Received,Refund
Freelance Payment,Freelancing
Flat Rent,Rent
Bus Ticket,Transportation
Municipal Water Bill,Water Bill
Daily Sales Earning,Business
Municipal Water Bill,Water Bill
Movie Tickets,Entertainment
Course Payment,Education
Birthday Gift,Gift
Salary Credited,Salary
Municipal Water Bill,Water Bill
Refund Received,Refund
Fd Interest,Interest
Uber Ride,Transportation
Investment Gain,Investment
Yearly Bonus,Bonus
Amazon Purchase,Shopping
Wedding Gift,Gift
Room Rent,Rent
Monthly Salary,Salary
Doctor Visit,Healthcare
Municipal Water Bill,Water Bill
Broadband Bill,Internet Bill
Tenant Rent,Rental Income
Performance Bonus,Bonus
Business Profit Received,Business
Municipal Water Bill,Water Bill
Salary Credited,Salary
Refund Received,Refund
Room Rent,Rent
Uber Ride,Transportation
Salary Credited,Salary
Bus Ticket,Transportation
College Fees,Education
Daily Sales Earning,Business
Water Bill Payment,Water Bill
College Fees,Education
Medicine Purchase,Healthcare
Monthly Salary,Salary
Design Work Payment,Freelancing
Broadband Bill,Internet Bill
Fd Interest,Interest
Stock Profit,Investment
Uber Ride,Transportation
Freelance Payment,Freelancing
Petrol Filling,Transportation
Design Work Payment,Freelancing
Client Project Payment,Freelancing
Performance Bonus,Bonus
Swiggy Food,Food
Dmart Shopping,Groceries
Office Salary Deposit,Salary
Yearly Bonus,Bonus
Flat Rent,Rent
Uber Ride,Transportation
Gaming Expense,Entertainment
Netflix Subscription,Entertainment
Mutual Fund Return,Investment
Performance Bonus,Bonus
Stock Profit,Investment
Yearly Bonus,Bonus
Book Purchase,Education
Movie Tickets,Entertainment
Yearly Bonus,Bonus
Performance Bonus,Bonus
Investment Gain,Investment
Electric Bill Payment,Electricity Bill
Mall Shopping,Shopping
Uber Ride,Transportation
Clothes Shopping,Shopping
Petrol Filling,Transportation
Shop Income,Business
Festival Bonus,Bonus
Municipal Water Bill,Water Bill
Tenant Rent,Rental Income
Doctor Visit,Healthcare
Performance Bonus,Bonus
Bus Ticket,Transportation
Pizza Order,Food
Restaurant Dinner,Food
Festival Bonus,Bonus
Hospital Bill,Healthcare
Investment Gain,Investment
Municipal Water Bill,Water Bill
Freelance Payment,Freelancing
Daily Sales Earning,Business
Amazon Purchase,Shopping
Uber Ride,Transportation
Light Bill,Electricity Bill
Broadband Bill,Internet Bill
Uber Ride,Transportation
Petrol Filling,Transportation
Bank Interest,Interest
Grocery Shopping,Groceries
Swiggy Food,Food
Daily Sales Earning,Business
Pizza Order,Food
Shop Income,Business
Clothes Shopping,Shopping
Tenant Rent,Rental Income
Monthly Salary,Salary
Bank Interest,Interest
Design Work Payment,Freelancing
Bus Ticket,Transportation
Bus Ticket,Transportation
Performance Bonus,Bonus
Investment Gain,Investment
Water Bill Payment,Water Bill
Salary Credited,Salary
Book Purchase,Education
Cash Gift Received,Gift
Amazon Purchase,Shopping
Room Rent,Rent
Fd Interest,Interest
Pizza Order,Food
Yearly Bonus,Bonus
Money Returned,Refund
Doctor Visit,Healthcare
Hospital Bill,Healthcare
Light Bill,Electricity Bill
Course Payment,Education
Order Refund,Refund
Wifi Bill,Internet Bill
Wifi Bill,Internet Bill
Vegetables Purchase,Groceries
Pizza Order,Food
Flat Rent,Rent
Shop Income,Business
Petrol Filling,Transportation
Clothes Shopping,Shopping
Netflix Subscription,Entertainment
Water Bill Payment,Water Bill
Netflix Subscription,Entertainment
Bank Interest,Interest
Freelance Payment,Freelancing
Daily Sales Earning,Business
Book Purchase,Education
Book Purchase,Education
Dmart Shopping,Groceries
Book Purchase,Education
Client Project Payment,Freelancing
Course Payment,Education
House Rent Paid,Rent
Stock Profit,Investment
Business Profit Received,Business
Water Bill Payment,Water Bill
Book Purchase,Education
Book Purchase,Education
Salary Credited,Salary
Grocery Shopping,Groceries
Light Bill,Electricity Bill
Mall Shopping,Shopping
Flat Rent,Rent
Festival Bonus,Bonus
College Fees,Education
Internet Recharge,Internet Bill
Petrol Filling,Transportation
Freelance Payment,Freelancing
Wedding Gift,Gift
Light Bill,Electricity Bill
Bus Ticket,Transportation
Broadband Bill,Internet Bill
Municipal Water Bill,Water Bill
Water Bill Payment,Water Bill
Tenant Rent,Rental Income
Book Purchase,Education
Flat Rent,Rent
Dmart Shopping,Groceries
Bus Ticket,Transportation
Fd Interest,Interest
Office Salary Deposit,Salary
Grocery Shopping,Groceries
Light Bill,Electricity Bill
Doctor Visit,Healthcare
Bank Interest,Interest
Movie Tickets,Entertainment
Money Returned,Refund
Investment Gain,Investment
Wifi Bill,Internet Bill
Medicine Purchase,Healthcare
Shop Income,Business
Freelance Payment,Freelancing
Swiggy Food,Food
Business Profit Received,Business
Monthly Salary,Salary
Refund Received,Refund
Wifi Bill,Internet Bill
Vegetables Purchase,Groceries
House Rent Received,Rental Income
Medicine Purchase,Healthcare
Amazon Purchase,Shopping
Birthday Gift,Gift
Mall Shopping,Shopping
Bus Ticket,Transportation
Uber Ride,Transportation
Festival Bonus,Bonus
College Fees,Education
Monthly Salary,Salary
Freelance Payment,Freelancing
Performance Bonus,Bonus
Medicine Purchase,Healthcare
Course Payment,Education
Gaming Expense,Entertainment
Office Salary Deposit,Salary
Electric Bill Payment,Electricity Bill
Power Bill Paid,Electricity Bill
Water Bill Payment,Water Bill
Book Purchase,Education
Performance Bonus,Bonus
Movie Tickets,Entertainment
Interest Credited,Interest
Hospital Bill,Healthcare
Bus Ticket,Transportation
College Fees,Education
Client Project Payment,Freelancing
Dmart Shopping,Groceries
Bank Interest,Interest
Flat Rent,Rent
Client Project Payment,Freelancing
Power Bill Paid,Electricity Bill
Swiggy Food,Food
Internet Recharge,Internet Bill
Doctor Visit,Healthcare
Gaming Expense,Entertainment
Hospital Bill,Healthcare
Office Salary Deposit,Salary
Petrol Filling,Transportation
Uber Ride,Transportation
Petrol Filling,Transportation
Fd Interest,Interest
Movie Tickets,Entertainment
Festival Bonus,Bonus
Monthly Salary,Salary
Power Bill Paid,Electricity Bill
Vegetables Purchase,Groceries
Hospital Bill,Healthcare
Freelance Payment,Freelancing
Pizza Order,Food
Petrol Filling,Transportation
Restaurant Dinner,Food
Swiggy Food,Food
House Rent Received,Rental Income
Business Profit Received,Business
Petrol Filling,Transportation
Mutual Fund Return,Investment
Netflix Subscription,Entertainment
Movie Tickets,Entertainment
Refund Received,Refund
Client Project Payment,Freelancing
Course Payment,Education
Gaming Expense,Entertainment
Flat Rent Income,Rental Income
Hospital Bill,Healthcare
Internet Recharge,Internet Bill
Money Returned,Refund
Fd Interest,Interest
Water Bill Payment,Water Bill
Petrol Filling,Transportation
Vegetables Purchase,Groceries
Room Rent,Rent
Course Payment,Education
Bank Interest,Interest
Doctor Visit,Healthcare
Client Project Payment,Freelancing
Monthly Salary,Salary
Water Bill Payment,Water Bill
Client Project Payment,Freelancing
Movie Tickets,Entertainment
Pizza Order,Food
Clothes Shopping,Shopping
Mutual Fund Return,Investment
Room Rent,Rent
Municipal Water Bill,Water Bill
Order Refund,Refund
Design Work Payment,Freelancing
Doctor Visit,Healthcare
Room Rent,Rent
Festival Bonus,Bonus
Broadband Bill,Internet Bill
Shop Income,Business
Netflix Subscription,Entertainment
Room Rent,Rent
Gaming Expense,Entertainment
Stock Profit,Investment
Uber Ride,Transportation
Water Bill Payment,Water Bill
Cash Gift Received,Gift
Internet Recharge,Internet Bill
Business Profit Received,Business
Tenant Rent,Rental Income
Money Returned,Refund
Salary Credited,Salary
Mutual Fund Return,Investment
Electric Bill Payment,Electricity Bill
House Rent Received,Rental Income
Performance Bonus,Bonus
Amazon Purchase,Shopping
Freelance Payment,Freelancing
Design Work Payment,Freelancing
Restaurant Dinner,Food
Daily Sales Earning,Business
Flat Rent,Rent
Uber Ride,Transportation
Bus Ticket,Transportation
Shop Income,Business
Festival Bonus,Bonus
Vegetables Purchase,Groceries
Flat Rent,Rent
Interest Credited,Interest
Doctor Visit,Healthcare
Movie Tickets,Entertainment
Flat Rent,Rent
Water Bill Payment,Water Bill
Yearly Bonus,Bonus
Freelance Payment,Freelancing
Client Project Payment,Freelancing
Bus Ticket,Transportation
Power Bill Paid,Electricity Bill
Book Purchase,Education
Cash Gift Received,Gift
Performance Bonus,Bonus
Hospital Bill,Healthcare
Birthday Gift,Gift
Money Returned,Refund
Movie Tickets,Entertainment
Business Profit Received,Business
Uber Ride,Transportation
Investment Gain,Investment
Uber Ride,Transportation
Power Bill Paid,Electricity Bill
Restaurant Dinner,Food
Uber Ride,Transportation
Doctor Visit,Healthcare
Light Bill,Electricity Bill
Office Salary Deposit,Salary
Swiggy Food,Food
Wedding Gift,Gift
Petrol Filling,Transportation
Broadband Bill,Internet Bill
Room Rent,Rent
Daily Sales Earning,Business
Medicine Purchase,Healthcare
Water Bill Payment,Water Bill
Course Payment,Education
Gaming Expense,Entertainment
Freelance Payment,Freelancing
Mutual Fund Return,Investment
Internet Recharge,Internet Bill
Investment Gain,Investment
Book Purchase,Education
Hospital Bill,Healthcare
Medicine Purchase,Healthcare
Design Work Payment,Freelancing
Refund Received,Refund
Fd Interest,Interest
Mall Shopping,Shopping
House Rent Received,Rental Income
Shop Income,Business
Design Work Payment,Freelancing
Room Rent,Rent
Municipal Water Bill,Water Bill
Flat Rent,Rent
Order Refund,Refund
Water Bill Payment,Water Bill
Light Bill,Electricity Bill
Course Payment,Education
Dmart Shopping,Groceries
Wifi Bill,Internet Bill
Gaming Expense,Entertainment
Mall Shopping,Shopping
Mall Shopping,Shopping
Mutual Fund Return,Investment
Flat Rent Income,Rental Income
Bus Ticket,Transportation
Restaurant Dinner,Food
Festival Bonus,Bonus
Movie Tickets,Entertainment
College Fees,Education
Petrol Filling,Transportation
Daily Sales Earning,Business
Flat Rent Income,Rental Income
Money Returned,Refund
Wedding Gift,Gift
Cash Gift Received,Gift
Dmart Shopping,Groceries
Interest Credited,Interest
Movie Tickets,Entertainment
House Rent Paid,Rent
Water Bill Payment,Water Bill
Power Bill Paid,Electricity Bill
Money Returned,Refund
Gaming Expense,Entertainment
Cash Gift Received,Gift
Broadband Bill,Internet Bill
Restaurant Dinner,Food
Municipal Water Bill,Water Bill
Mall Shopping,Shopping
Water Bill Payment,Water Bill
Refund Received,Refund
Grocery Shopping,Groceries
Amazon Purchase,Shopping
College Fees,Education
Power Bill Paid,Electricity Bill
Shop Income,Business
Power Bill Paid,Electricity Bill
Netflix Subscription,Entertainment
Bank Interest,Interest
Money Returned,Refund
Client Project Payment,Freelancing
Light Bill,Electricity Bill
Monthly Salary,Salary
Business Profit Received,Business
Netflix Subscription,Entertainment
Water Bill Payment,Water Bill
Clothes Shopping,Shopping
Gaming Expense,Entertainment
Wifi Bill,Internet Bill
Restaurant Dinner,Food
Client Project Payment,Freelancing
Electric Bill Payment,Electricity Bill
Broadband Bill,Internet Bill
House Rent Received,Rental Income
Flat Rent,Rent
Internet Recharge,Internet Bill
Vegetables Purchase,Groceries
Bank Interest,Interest
Mall Shopping,Shopping
Refund Received,Refund
Monthly Salary,Salary
Broadband Bill,Internet Bill
Power Bill Paid,Electricity Bill
Wedding Gift,Gift
Municipal Water Bill,Water Bill
House Rent Received,Rental Income
Flat Rent Income,Rental Income
Birthday Gift,Gift
Bus Ticket,Transportation
Cash Gift Received,Gift
Business Profit Received,Business
Gaming Expense,Entertainment
Client Project Payment,Freelancing
Birthday Gift,Gift
Gaming Expense,Entertainment
Mall Shopping,Shopping
Fd Interest,Interest
Cash Gift Received,Gift
Book Purchase,Education
Stock Profit,Investment
Amazon Purchase,Shopping
Water Bill Payment,Water Bill
Hospital Bill,Healthcare
College Fees,Education
Investment Gain,Investment
Mall Shopping,Shopping
Restaurant Dinner,Food
Vegetables Purchase,Groceries
Bus Ticket,Transportation
Hospital Bill,Healthcare
Yearly Bonus,Bonus
Stock Profit,Investment
Gaming Expense,Entertainment
Money Returned,Refund
Municipal Water Bill,Water Bill
Uber Ride,Transportation
Water Bill Payment,Water Bill
Wifi Bill,Internet Bill
Water Bill Payment,Water Bill
Water Bill Payment,Water Bill
Wifi Bill,Internet Bill
Course Payment,Education
Water Bill Payment,Water Bill
Wifi Bill,Internet Bill
Hospital Bill,Healthcare
Doctor Visit,Healthcare
House Rent Received,Rental Income
College Fees,Education
Order Refund,Refund
Uber Ride,Transportation
Vegetables Purchase,Groceries
Client Project Payment,Freelancing
Fd Interest,Interest
House Rent Paid,Rent
Wifi Bill,Internet Bill
Money Returned,Refund
Monthly Salary,Salary
Tenant Rent,Rental Income
House Rent Paid,Rent
Water Bill Payment,Water Bill
Tenant Rent,Rental Income
Freelance Payment,Freelancing
Monthly Salary,Salary
Water Bill Payment,Water Bill
Mall Shopping,Shopping
Vegetables Purchase,Groceries
Wifi Bill,Internet Bill
Order Refund,Refund
Medicine Purchase,Healthcare
Refund Received,Refund
Mutual Fund Return,Investment
Salary Credited,Salary
Money Returned,Refund
Uber Ride,Transportation
Design Work Payment,Freelancing
Broadband Bill,Internet Bill
Municipal Water Bill,Water Bill
Course Payment,Education
Cash Gift Received,Gift
Clothes Shopping,Shopping
Shop Income,Business
Doctor Visit,Healthcare
Internet Recharge,Internet Bill
Swiggy Food,Food
Restaurant Dinner,Food
Broadband Bill,Internet Bill
Wifi Bill,Internet Bill
Gaming Expense,Entertainment
Festival Bonus,Bonus
Vegetables Purchase,Groceries
Festival Bonus,Bonus
Hospital Bill,Healthcare
Course Payment,Education
Mall Shopping,Shopping
Dmart Shopping,Groceries
Uber Ride,Transportation
Book Purchase,Education
Fd Interest,Interest
Daily Sales Earning,Business
Performance Bonus,Bonus
Interest Credited,Interest
Mutual Fund Return,Investment
Internet Recharge,Internet Bill
Mall Shopping,Shopping
Stock Profit,Investment
Dmart Shopping,Groceries
College Fees,Education
Power Bill Paid,Electricity Bill
Refund Received,Refund
Festival Bonus,Bonus
Municipal Water Bill,Water Bill
Book Purchase,Education
Petrol Filling,Transportation
Office Salary Deposit,Salary
Hospital Bill,Healthcare
Petrol Filling,Transportation
Cash Gift Received,Gift
Grocery Shopping,Groceries
Uber Ride,Transportation
Electric Bill Payment,Electricity Bill
Course Payment,Education
Cash Gift Received,Gift
Broadband Bill,Internet Bill
Business Profit Received,Business
Restaurant Dinner,Food
Money Returned,Refund
Electric Bill Payment,Electricity Bill
Mutual Fund Return,Investment
Stock Profit,Investment
Performance Bonus,Bonus
Flat Rent,Rent
Gaming Expense,Entertainment
Office Salary Deposit,Salary
Restaurant Dinner,Food
Freelance Payment,Freelancing
Room Rent,Rent
Interest Credited,Interest
Uber Ride,Transportation
Bank Interest,Interest
Client Project Payment,Freelancing
Mall Shopping,Shopping
Amazon Purchase,Shopping
Tenant Rent,Rental Income
Clothes Shopping,Shopping
College Fees,Education
Interest Credited,Interest
Vegetables Purchase,Groceries
Movie Tickets,Entertainment
Light Bill,Electricity Bill
Investment Gain,Investment
Wedding Gift,Gift
Grocery Shopping,Groceries
Monthly Salary,Salary
Cash Gift Received,Gift
Movie Tickets,Entertainment
Uber Ride,Transportation
Swiggy Food,Food
Bus Ticket,Transportation
Doctor Visit,Healthcare
Investment Gain,Investment
Water Bill Payment,Water Bill
Amazon Purchase,Shopping
College Fees,Education
Electric Bill Payment,Electricity Bill
Birthday Gift,Gift
Amazon Purchase,Shopping
Office Salary Deposit,Salary
Flat Rent Income,Rental Income
Wifi Bill,Internet Bill
Uber Ride,Transportation
Birthday Gift,Gift
Refund Received,Refund
Mall Shopping,Shopping
Electric Bill Payment,Electricity Bill
Municipal Water Bill,Water Bill
Pizza Order,Food
Wifi Bill,Internet Bill
Swiggy Food,Food
Festival Bonus,Bonus
Swiggy Food,Food
Festival Bonus,Bonus
Medicine Purchase,Healthcare
Flat Rent,Rent
Dmart Shopping,Groceries
Performance Bonus,Bonus
Flat Rent,Rent
Room Rent,Rent
Course Payment,Education
Clothes Shopping,Shopping
House Rent Paid,Rent
Internet Recharge,Internet Bill
Wedding Gift,Gift
Movie Tickets,Entertainment
Business Profit Received,Business
Broadband Bill,Internet Bill
Power Bill Paid,Electricity Bill
Office Salary Deposit,Salary
Book Purchase,Education
Bus Ticket,Transportation
Shop Income,Business
Daily Sales Earning,Business
Money Returned,Refund
Municipal Water Bill,Water Bill
Medicine Purchase,Healthcare
Client Project Payment,Freelancing
Freelance Payment,Freelancing
Pizza Order,Food
Dmart Shopping,Groceries
Design Work Payment,Freelancing
Wifi Bill,Internet Bill
Movie Tickets,Entertainment
College Fees,Education
Municipal Water Bill,Water Bill
House Rent Received,Rental Income
Mutual Fund Return,Investment
Hospital Bill,Healthcare
Mutual Fund Return,Investment
House Rent Received,Rental Income
Mutual Fund Return,Investment
Course Payment,Education
Municipal Water Bill,Water Bill
Swiggy Food,Food
Petrol Filling,Transportation
Electric Bill Payment,Electricity Bill
Internet Recharge,Internet Bill
Medicine Purchase,Healthcare
House Rent Paid,Rent
Refund Received,Refund
Salary Credited,Salary
Shop Income,Business
Water Bill Payment,Water Bill
Gaming Expense,Entertainment
Client Project Payment,Freelancing
Order Refund,Refund
Doctor Visit,Healthcare
Restaurant Dinner,Food
College Fees,Education
Mutual Fund Return,Investment
Gaming Expense,Entertainment
House Rent Received,Rental Income
House Rent Paid,Rent
Yearly Bonus,Bonus
Vegetables Purchase,Groceries
Book Purchase,Education
Office Salary Deposit,Salary
Flat Rent Income,Rental Income
Uber Ride,Transportation
House Rent Paid,Rent
Restaurant Dinner,Food
Mall Shopping,Shopping
Investment Gain,Investment
Wedding Gift,Gift
Course Payment,Education
Festival Bonus,Bonus
Municipal Water Bill,Water Bill
Design Work Payment,Freelancing
Yearly Bonus,Bonus
Freelance Payment,Freelancing
Netflix Subscription,Entertainment
Vegetables Purchase,Groceries
Fd Interest,Interest
Netflix Subscription,Entertainment
Restaurant Dinner,Food
Gaming Expense,Entertainment
Power Bill Paid,Electricity Bill
Business Profit Received,Business
House Rent Received,Rental Income
Stock Profit,Investment
College Fees,Education
Design Work Payment,Freelancing
Birthday Gift,Gift
Mutual Fund Return,Investment
Investment Gain,Investment
Flat Rent,Rent
Cash Gift Received,Gift
Petrol Filling,Transportation
Medicine Purchase,Healthcare
Tenant Rent,Rental Income
Netflix Subscription,Entertainment
Uber Ride,Transportation
Wedding Gift,Gift
Monthly Salary,Salary
Book Purchase,Education
Daily Sales Earning,Business
Bus Ticket,Transportation
Municipal Water Bill,Water Bill
Clothes Shopping,Shopping
Medicine Purchase,Healthcare
Swiggy Food,Food
Dmart Shopping,Groceries
Mall Shopping,Shopping
House Rent Received,Rental Income
Bank Interest,Interest
Hospital Bill,Healthcare
Broadband Bill,Internet Bill
Bus Ticket,Transportation
Clothes Shopping,Shopping
Salary Credited,Salary
Order Refund,Refund
Course Payment,Education
Festival Bonus,Bonus
Amazon Purchase,Shopping
Interest Credited,Interest
Money Returned,Refund
Pizza Order,Food
House Rent Paid,Rent
Doctor Visit,Healthcare
Doctor Visit,Healthcare
Birthday Gift,Gift
Petrol Filling,Transportation
Monthly Salary,Salary
Grocery Shopping,Groceries
Room Rent,Rent
Yearly Bonus,Bonus
Electric Bill Payment,Electricity Bill
Municipal Water Bill,Water Bill
Restaurant Dinner,Food
Client Project Payment,Freelancing
College Fees,Education
Vegetables Purchase,Groceries
House Rent Received,Rental Income
Book Purchase,Education
Petrol Filling,Transportation
Gaming Expense,Entertainment
Fd Interest,Interest
Flat Rent,Rent
Yearly Bonus,Bonus
Room Rent,Rent
Power Bill Paid,Electricity Bill
Doctor Visit,Healthcare
Petrol Filling,Transportation
Interest Credited,Interest
Birthday Gift,Gift
Netflix Subscription,Entertainment
House Rent Paid,Rent
Broadband Bill,Internet Bill
Pizza Order,Food
Municipal Water Bill,Water Bill
Doctor Visit,Healthcare
Daily Sales Earning,Business
Pizza Order,Food
Course Payment,Education
Performance Bonus,Bonus
Doctor Visit,Healthcare
Broadband Bill,Internet Bill
Swiggy Food,Food
Uber Ride,Transportation
Business Profit Received,Business
Movie Tickets,Entertainment
College Fees,Education
Interest Credited,Interest
Medicine Purchase,Healthcare
Stock Profit,Investment
Netflix Subscription,Entertainment
Light Bill,Electricity Bill
Restaurant Dinner,Food
Stock Profit,Investment
Salary Credited,Salary
House Rent Received,Rental Income
House Rent Received,Rental Income
Room Rent,Rent
Gaming Expense,Entertainment
Performance Bonus,Bonus
Office Salary Deposit,Salary
Municipal Water Bill,Water Bill
Design Work Payment,Freelancing
Mutual Fund Return,Investment
Business Profit Received,Business
Room Rent,Rent
Water Bill Payment,Water Bill
Tenant Rent,Rental Income
Client Project Payment,Freelancing
Doctor Visit,Healthcare
House Rent Paid,Rent
Book Purchase,Education
Daily Sales Earning,Business
Book Purchase,Education
Municipal Water Bill,Water Bill
Hospital Bill,Healthcare
Wedding Gift,Gift
Birthday Gift,Gift
Investment Gain,Investment
Netflix Subscription,Entertainment
Flat Rent,Rent
Room Rent,Rent
House Rent Paid,Rent
College Fees,Education
House Rent Paid,Rent
Broadband Bill,Internet Bill
Electric Bill Payment,Electricity Bill
Refund Received,Refund
Broadband Bill,Internet Bill
Clothes Shopping,Shopping
Fd Interest,Interest
Medicine Purchase,Healthcare
Gaming Expense,Entertainment
Salary Credited,Salary
Netflix Subscription,Entertainment
Vegetables Purchase,Groceries
House Rent Received,Rental Income
Petrol Filling,Transportation
Performance Bonus,Bonus
Municipal Water Bill,Water Bill
Money Returned,Refund
Hospital Bill,Healthcare
Clothes Shopping,Shopping
Performance Bonus,Bonus
Doctor Visit,Healthcare
Medicine Purchase,Healthcare
Bank Interest,Interest
Bus Ticket,Transportation
Design Work Payment,Freelancing
Hospital Bill,Healthcare
Room Rent,Rent
Bank Interest,Interest
Stock Profit,Investment
Clothes Shopping,Shopping
Money Returned,Refund
Netflix Subscription,Entertainment
Uber Ride,Transportation
Money Returned,Refund
Fd Interest,Interest
Restaurant Dinner,Food
Fd Interest,Interest
Festival Bonus,Bonus
Stock Profit,Investment
Money Returned,Refund
Yearly Bonus,Bonus
Monthly Salary,Salary
Flat Rent,Rent
Pizza Order,Food
Swiggy Food,Food
Light Bill,Electricity Bill
Clothes Shopping,Shopping
Netflix Subscription,Entertainment
Order Refund,Refund
Performance Bonus,Bonus
Petrol Filling,Transportation
Swiggy Food,Food
Room Rent,Rent
Municipal Water Bill,Water Bill
Water Bill Payment,Water Bill
Wedding Gift,Gift
Bank Interest,Interest
Mall Shopping,Shopping
Monthly Salary,Salary
College Fees,Education
Grocery Shopping,Groceries
Municipal Water Bill,Water Bill
Hospital Bill,Healthcare
Pizza Order,Food
Office Salary Deposit,Salary
Freelance Payment,Freelancing
Business Profit Received,Business
Daily Sales Earning,Business
Room Rent,Rent
Gaming Expense,Entertainment
Money Returned,Refund
Stock Profit,Investment
Water Bill Payment,Water Bill
Movie Tickets,Entertainment
Doctor Visit,Healthcare
Fd Interest,Interest
Clothes Shopping,Shopping
Money Returned,Refund
Light Bill,Electricity Bill
Doctor Visit,Healthcare
Investment Gain,Investment
Cash Gift Received,Gift
Wedding Gift,Gift
Medicine Purchase,Healthcare
Wedding Gift,Gift
Stock Profit,Investment
House Rent Paid,Rent
Festival Bonus,Bonus
Freelance Payment,Freelancing
Investment Gain,Investment
Electric Bill Payment,Electricity Bill
Salary Credited,Salary
Money Returned,Refund
House Rent Received,Rental Income
Refund Received,Refund
Wifi Bill,Internet Bill
Flat Rent,Rent
Money Returned,Refund
Amazon Purchase,Shopping
Business Profit Received,Business
Mutual Fund Return,Investment
Order Refund,Refund
Clothes Shopping,Shopping
Course Payment,Education
Uber Ride,Transportation
Medicine Purchase,Healthcare
Dmart Shopping,Groceries
Yearly Bonus,Bonus
Pizza Order,Food
Uber Ride,Transportation
Power Bill Paid,Electricity Bill
Internet Recharge,Internet Bill
College Fees,Education
Municipal Water Bill,Water Bill
Salary Credited,Salary
Bus Ticket,Transportation
Petrol Filling,Transportation
Internet Recharge,Internet Bill
Stock Profit,Investment
Salary Credited,Salary
Performance Bonus,Bonus
Municipal Water Bill,Water Bill
Mutual Fund Return,Investment
Restaurant Dinner,Food
Municipal Water Bill,Water Bill
Municipal Water Bill,Water Bill
Municipal Water Bill,Water Bill
College Fees,Education
Birthday Gift,Gift
Wifi Bill,Internet Bill
Flat Rent Income,Rental Income
Room Rent,Rent
Netflix Subscription,Entertainment
Birthday Gift,Gift
Design Work Payment,Freelancing
Vegetables Purchase,Groceries
House Rent Received,Rental Income
Gaming Expense,Entertainment
Doctor Visit,Healthcare
Internet Recharge,Internet Bill
Wifi Bill,Internet Bill
Pizza Order,Food
Cash Gift Received,Gift
Room Rent,Rent
Electric Bill Payment,Electricity Bill
Design Work Payment,Freelancing
Hospital Bill,Healthcare
Dmart Shopping,Groceries
Bank Interest,Interest
Book Purchase,Education
Petrol Filling,Transportation
Vegetables Purchase,Groceries
Pizza Order,Food
Dmart Shopping,Groceries
Festival Bonus,Bonus
Grocery Shopping,Groceries
Course Payment,Education
Shop Income,Business
Daily Sales Earning,Business
Cash Gift Received,Gift
Stock Profit,Investment
Light Bill,Electricity Bill
Netflix Subscription,Entertainment
Design Work Payment,Freelancing
Yearly Bonus,Bonus
Dmart Shopping,Groceries
Dmart Shopping,Groceries
Book Purchase,Education
Room Rent,Rent
Design Work Payment,Freelancing
Internet Recharge,Internet Bill
Freelance Payment,Freelancing
Dmart Shopping,Groceries
Grocery Shopping,Groceries
Restaurant Dinner,Food
Shop Income,Business
Grocery Shopping,Groceries
Investment Gain,Investment
Dmart Shopping,Groceries
Flat Rent,Rent
Shop Income,Business
Mall Shopping,Shopping
Gaming Expense,Entertainment
Client Project Payment,Freelancing
Business Profit Received,Business
Amazon Purchase,Shopping
Internet Recharge,Internet Bill
Netflix Subscription,Entertainment
Uber Ride,Transportation
Wifi Bill,Internet Bill
Refund Received,Refund
Wedding Gift,Gift
Swiggy Food,Food
Mall Shopping,Shopping
Book Purchase,Education
Netflix Subscription,Entertainment
Investment Gain,Investment
Festival Bonus,Bonus
Room Rent,Rent
Tenant Rent,Rental Income
Internet Recharge,Internet Bill
Birthday Gift,Gift
Flat Rent,Rent
Salary Credited,Salary
Netflix Subscription,Entertainment
Tenant Rent,Rental Income
Business Profit Received,Business
Grocery Shopping,Groceries
Internet Recharge,Internet Bill
House Rent Received,Rental Income
Freelance Payment,Freelancing
Electric Bill Payment,Electricity Bill
Money Returned,Refund
Course Payment,Education
Yearly Bonus,Bonus
House Rent Received,Rental Income
Electric Bill Payment,Electricity Bill
Flat Rent Income,Rental Income
Dmart Shopping,Groceries
Course Payment,Education
Daily Sales Earning,Business
Municipal Water Bill,Water Bill
Birthday Gift,Gift
Wedding Gift,Gift
Cash Gift Received,Gift
Yearly Bonus,Bonus
Broadband Bill,Internet Bill
Office Salary Deposit,Salary
Municipal Water Bill,Water Bill
Flat Rent Income,Rental Income
Flat Rent Income,Rental Income
House Rent Received,Rental Income
Book Purchase,Education
Flat Rent,Rent
Mall Shopping,Shopping
Light Bill,Electricity Bill
Clothes Shopping,Shopping
Municipal Water Bill,Water Bill
Shop Income,Business
Vegetables Purchase,Groceries
Daily Sales Earning,Business
Freelance Payment,Freelancing
Investment Gain,Investment
Tenant Rent,Rental Income
Monthly Salary,Salary
Swiggy Food,Food
Freelance Payment,Freelancing
Uber Ride,Transportation
Pizza Order,Food
Client Project Payment,Freelancing
Broadband Bill,Internet Bill
Interest Credited,Interest
Amazon Purchase,Shopping
Mall Shopping,Shopping
Design Work Payment,Freelancing
Hospital Bill,Healthcare
Water Bill Payment,Water Bill
Broadband Bill,Internet Bill
Cash Gift Received,Gift
Wifi Bill,Internet Bill
Tenant Rent,Rental Income
Design Work Payment,Freelancing
Municipal Water Bill,Water Bill
Mutual Fund Return,Investment
Monthly Salary,Salary
Stock Profit,Investment
Electric Bill Payment,Electricity Bill
Interest Credited,Interest
Power Bill Paid,Electricity Bill
Pizza Order,Food
Doctor Visit,Healthcare
Clothes Shopping,Shopping
Bus Ticket,Transportation
Money Returned,Refund
Order Refund,Refund
Doctor Visit,Healthcare
Stock Profit,Investment
Clothes Shopping,Shopping
Fd Interest,Interest
Amazon Purchase,Shopping
Water Bill Payment,Water Bill
Gaming Expense,Entertainment
Mall Shopping,Shopping
Yearly Bonus,Bonus
Business Profit Received,Business
Uber Ride,Transportation
Refund Received,Refund
Festival Bonus,Bonus
Tenant Rent,Rental Income
Uber Ride,Transportation
Uber Ride,Transportation
Client Project Payment,Freelancing
Flat Rent,Rent
Festival Bonus,Bonus
Order Refund,Refund
Broadband Bill,Internet Bill
Vegetables Purchase,Groceries
Pizza Order,Food
Grocery Shopping,Groceries
Birthday Gift,Gift
Client Project Payment,Freelancing
Course Payment,Education
Birthday Gift,Gift
Uber Ride,Transportation
Municipal Water Bill,Water Bill
Grocery Shopping,Groceries
Monthly Salary,Salary
Internet Recharge,Internet Bill
Broadband Bill,Internet Bill
Client Project Payment,Freelancing
Power Bill Paid,Electricity Bill
Festival Bonus,Bonus
Cash Gift Received,Gift
Amazon Purchase,Shopping
Course Payment,Education
Amazon Purchase,Shopping
Festival Bonus,Bonus
Clothes Shopping,Shopping
Flat Rent,Rent
Stock Profit,Investment
Fd Interest,Interest
Bus Ticket,Transportation
Mutual Fund Return,Investment
Wifi Bill,Internet Bill
Wedding Gift,Gift
Power Bill Paid,Electricity Bill
Light Bill,Electricity Bill
Amazon Purchase,Shopping
Doctor Visit,Healthcare
Fd Interest,Interest
Office Salary Deposit,Salary
Fd Interest,Interest
Pizza Order,Food
Course Payment,Education
Mall Shopping,Shopping
Doctor Visit,Healthcare
Hospital Bill,Healthcare
Power Bill Paid,Electricity Bill
Room Rent,Rent
Room Rent,Rent
Swiggy Food,Food
Medicine Purchase,Healthcare
Restaurant Dinner,Food
Book Purchase,Education
Salary Credited,Salary
Mutual Fund Return,Investment
Gaming Expense,Entertainment
Petrol Filling,Transportation
Water Bill Payment,Water Bill
Flat Rent,Rent
Pizza Order,Food
Medicine Purchase,Healthcare
Medicine Purchase,Healthcare
Flat Rent,Rent
Amazon Purchase,Shopping
Salary Credited,Salary
Water Bill Payment,Water Bill
Flat Rent Income,Rental Income
House Rent Paid,Rent
Order Refund,Refund
Doctor Visit,Healthcare
Light Bill,Electricity Bill
Bus Ticket,Transportation
Internet Recharge,Internet Bill
Swiggy Food,Food
Money Returned,Refund
Gaming Expense,Entertainment
Birthday Gift,Gift
Yearly Bonus,Bonus
Client Project Payment,Freelancing
Cash Gift Received,Gift
Business Profit Received,Business
Power Bill Paid,Electricity Bill
Bank Interest,Interest
Performance Bonus,Bonus
House Rent Paid,Rent
College Fees,Education
College Fees,Education
Book Purchase,Education
Amazon Purchase,Shopping
Flat Rent Income,Rental Income
Monthly Salary,Salary
Swiggy Food,Food
Restaurant Dinner,Food
Netflix Subscription,Entertainment
Flat Rent,Rent
Course Payment,Education
Order Refund,Refund
Broadband Bill,Internet Bill
Money Returned,Refund
Freelance Payment,Freelancing
Mall Shopping,Shopping
Pizza Order,Food
House Rent Received,Rental Income
Mutual Fund Return,Investment
Electric Bill Payment,Electricity Bill
Municipal Water Bill,Water Bill
Bank Interest,Interest
College Fees,Education
Wedding Gift,Gift
Stock Profit,Investment
Wifi Bill,Internet Bill
Wifi Bill,Internet Bill
Wedding Gift,Gift
House Rent Paid,Rent
Yearly Bonus,Bonus
Course Payment,Education
Broadband Bill,Internet Bill
Book Purchase,Education
Fd Interest,Interest
Swiggy Food,Food
Mall Shopping,Shopping
Refund Received,Refund
Birthday Gift,Gift
Electric Bill Payment,Electricity Bill
Doctor Visit,Healthcare
Birthday Gift,Gift
Municipal Water Bill,Water Bill
House Rent Received,Rental Income
Wifi Bill,Internet Bill
Yearly Bonus,Bonus
Dmart Shopping,Groceries
Mall Shopping,Shopping
Daily Sales Earning,Business
Amazon Purchase,Shopping
Mutual Fund Return,Investment
Course Payment,Education
Municipal Water Bill,Water Bill
Movie Tickets,Entertainment
Performance Bonus,Bonus
Tenant Rent,Rental Income
Investment Gain,Investment
Gaming Expense,Entertainment
Water Bill Payment,Water Bill
Fd Interest,Interest
Course Payment,Education
Vegetables Purchase,Groceries
Petrol Filling,Transportation
Birthday Gift,Gift
Uber Ride,Transportation
Movie Tickets,Entertainment
Office Salary Deposit,Salary
Book Purchase,Education
Grocery Shopping,Groceries
Order Refund,Refund
Uber Ride,Transportation
Gaming Expense,Entertainment
Business Profit Received,Business
Clothes Shopping,Shopping
Mall Shopping,Shopping
College Fees,Education
Swiggy Food,Food
Book Purchase,Education
Flat Rent Income,Rental Income
Movie Tickets,Entertainment
Bus Ticket,Transportation
Electric Bill Payment,Electricity Bill
Power Bill Paid,Electricity Bill
Restaurant Dinner,Food
Room Rent,Rent
Uber Ride,Transportation
Electric Bill Payment,Electricity Bill
Doctor Visit,Healthcare
Municipal Water Bill,Water Bill
Pizza Order,Food
Water Bill Payment,Water Bill
Light Bill,Electricity Bill
Office Salary Deposit,Salary
Design Work Payment,Freelancing
Electric Bill Payment,Electricity Bill
Bank Interest,Interest
Movie Tickets,Entertainment
Netflix Subscription,Entertainment
Amazon Purchase,Shopping
Tenant Rent,Rental Income
Wedding Gift,Gift
Money Returned,Refund
House Rent Received,Rental Income
House Rent Paid,Rent
Bank Interest,Interest
Wifi Bill,Internet Bill
Power Bill Paid,Electricity Bill
Internet Recharge,Internet Bill
Uber Ride,Transportation
Light Bill,Electricity Bill
Bank Interest,Interest
Design Work Payment,Freelancing
Fd Interest,Interest
Investment Gain,Investment
Vegetables Purchase,Groceries
Petrol Filling,Transportation
Amazon Purchase,Shopping
Gaming Expense,Entertainment
Broadband Bill,Internet Bill
Medicine Purchase,Healthcare
Monthly Salary,Salary
Doctor Visit,Healthcare
Petrol Filling,Transportation
College Fees,Education
Book Purchase,Education
Wedding Gift,Gift
Freelance Payment,Freelancing
Gaming Expense,Entertainment
Internet Recharge,Internet Bill
Swiggy Food,Food
Gaming Expense,Entertainment
Doctor Visit,Healthcare
House Rent Paid,Rent
Client Project Payment,Freelancing
Netflix Subscription,Entertainment
Design Work Payment,Freelancing
Uber Ride,Transportation
Restaurant Dinner,Food
House Rent Paid,Rent
Wifi Bill,Internet Bill
Tenant Rent,Rental Income
Petrol Filling,Transportation
Gaming Expense,Entertainment
House Rent Received,Rental Income
Mutual Fund Return,Investment
Broadband Bill,Internet Bill
Clothes Shopping,Shopping
Pizza Order,Food
Salary Credited,Salary
Birthday Gift,Gift
Festival Bonus,Bonus
Amazon Purchase,Shopping
Yearly Bonus,Bonus
Monthly Salary,Salary
Gaming Expense,Entertainment
Uber Ride,Transportation
Mall Shopping,Shopping
Doctor Visit,Healthcare
Municipal Water Bill,Water Bill
Fd Interest,Interest
Birthday Gift,Gift
House Rent Received,Rental Income
Book Purchase,Education
Cash Gift Received,Gift
Yearly Bonus,Bonus
Water Bill Payment,Water Bill
Interest Credited,Interest
Movie Tickets,Entertainment
Cash Gift Received,Gift
Gaming Expense,Entertainment
Tenant Rent,Rental Income
Money Returned,Refund
Room Rent,Rent
Vegetables Purchase,Groceries
Doctor Visit,Healthcare
Freelance Payment,Freelancing
Gaming Expense,Entertainment
Dmart Shopping,Groceries
Vegetables Purchase,Groceries
Uber Ride,Transportation
Office Salary Deposit,Salary
Water Bill Payment,Water Bill
Gaming Expense,Entertainment
Municipal Water Bill,Water Bill
Hospital Bill,Healthcare
Performance Bonus,Bonus
Investment Gain,Investment
Freelance Payment,Freelancing
Performance Bonus,Bonus
Interest Credited,Interest
Flat Rent,Rent
Electric Bill Payment,Electricity Bill
Swiggy Food,Food
College Fees,Education
Restaurant Dinner,Food
Municipal Water Bill,Water Bill
Flat Rent Income,Rental Income
Water Bill Payment,Water Bill
Book Purchase,Education
Restaurant Dinner,Food
Client Project Payment,Freelancing
Course Payment,Education
Internet Recharge,Internet Bill
Petrol Filling,Transportation
Order Refund,Refund
Light Bill,Electricity Bill
Festival Bonus,Bonus
House Rent Paid,Rent
Netflix Subscription,Entertainment
Restaurant Dinner,Food
Dmart Shopping,Groceries
Municipal Water Bill,Water Bill
Doctor Visit,Healthcare
Internet Recharge,Internet Bill
Internet Recharge,Internet Bill
Festival Bonus,Bonus
Cash Gift Received,Gift
Daily Sales Earning,Business
Course Payment,Education
Course Payment,Education
Electric Bill Payment,Electricity Bill
Interest Credited,Interest
Yearly Bonus,Bonus
Gaming Expense,Entertainment
Gaming Expense,Entertainment
Bank Interest,Interest
Doctor Visit,Healthcare
Order Refund,Refund
Design Work Payment,Freelancing
Wedding Gift,Gift
Broadband Bill,Internet Bill
Amazon Purchase,Shopping
Internet Recharge,Internet Bill
Netflix Subscription,Entertainment
Grocery Shopping,Groceries
House Rent Paid,Rent
Interest Credited,Interest
Bank Interest,Interest
Flat Rent Income,Rental Income
Uber Ride,Transportation
Course Payment,Education
Yearly Bonus,Bonus
Vegetables Purchase,Groceries
Flat Rent,Rent
Netflix Subscription,Entertainment
Freelance Payment,Freelancing
Vegetables Purchase,Groceries
Power Bill Paid,Electricity Bill
Swiggy Food,Food
Bus Ticket,Transportation
Fd Interest,Interest
Course Payment,Education
Power Bill Paid,Electricity Bill
Tenant Rent,Rental Income
Flat Rent,Rent
House Rent Paid,Rent
Clothes Shopping,Shopping
Bus Ticket,Transportation
Netflix Subscription,Entertainment
Gaming Expense,Entertainment
Power Bill Paid,Electricity Bill
Wifi Bill,Internet Bill
Wedding Gift,Gift
Room Rent,Rent
Birthday Gift,Gift
Shop Income,Business
Water Bill Payment,Water Bill
Electric Bill Payment,Electricity Bill
Client Project Payment,Freelancing
Wifi Bill,Internet Bill
Light Bill,Electricity Bill
Light Bill,Electricity Bill
Mutual Fund Return,Investment
Freelance Payment,Freelancing
Grocery Shopping,Groceries
Medicine Purchase,Healthcare
Restaurant Dinner,Food
Cash Gift Received,Gift
Cash Gift Received,Gift
Monthly Salary,Salary
Pizza Order,Food
Monthly Salary,Salary
Order Refund,Refund
Water Bill Payment,Water Bill
Broadband Bill,Internet Bill
Internet Recharge,Internet Bill
Money Returned,Refund
Flat Rent,Rent
Wifi Bill,Internet Bill
Uber Ride,Transportation
Book Purchase,Education
College Fees,Education
Water Bill Payment,Water Bill
Netflix Subscription,Entertainment
Restaurant Dinner,Food
Broadband Bill,Internet Bill
Cash Gift Received,Gift
Flat Rent Income,Rental Income
Clothes Shopping,Shopping
Water Bill Payment,Water Bill
Book Purchase,Education
Shop Income,Business
Wedding Gift,Gift
Flat Rent,Rent
Mutual Fund Return,Investment
Fd Interest,Interest
Swiggy Food,Food
Netflix Subscription,Entertainment
Interest Credited,Interest
Netflix Subscription,Entertainment
Restaurant Dinner,Food
Salary Credited,Salary
Office Salary Deposit,Salary
Wedding Gift,Gift
Business Profit Received,Business
Flat Rent Income,Rental Income
Pizza Order,Food
Client Project Payment,Freelancing
Power Bill Paid,Electricity Bill
Municipal Water Bill,Water Bill
Room Rent,Rent
Uber Ride,Transportation
Birthday Gift,Gift
Water Bill Payment,Water Bill
Fd Interest,Interest
Shop Income,Business
Grocery Shopping,Groceries
Petrol Filling,Transportation
Petrol Filling,Transportation
Hospital Bill,Healthcare
Hospital Bill,Healthcare
Stock Profit,Investment
Bank Interest,Interest
Festival Bonus,Bonus
Hospital Bill,Healthcare
Wedding Gift,Gift
Internet Recharge,Internet Bill
Pizza Order,Food
Mall Shopping,Shopping
Pizza Order,Food
Internet Recharge,Internet Bill
Stock Profit,Investment
Internet Recharge,Internet Bill
Medicine Purchase,Healthcare
Municipal Water Bill,Water Bill
Restaurant Dinner,Food
Room Rent,Rent
Daily Sales Earning,Business
Broadband Bill,Internet Bill
Broadband Bill,Internet Bill
Power Bill Paid,Electricity Bill
House Rent Paid,Rent
Fd Interest,Interest
Tenant Rent,Rental Income
Hospital Bill,Healthcare
Freelance Payment,Freelancing
Performance Bonus,Bonus
Mall Shopping,Shopping
Client Project Payment,Freelancing
Monthly Salary,Salary
Freelance Payment,Freelancing
Pizza Order,Food
Monthly Salary,Salary
College Fees,Education
House Rent Paid,Rent
Vegetables Purchase,Groceries
Water Bill Payment,Water Bill
Design Work Payment,Freelancing
Mutual Fund Return,Investment
Money Returned,Refund
Petrol Filling,Transportation
House Rent Received,Rental Income
Vegetables Purchase,Groceries
Broadband Bill,Internet Bill
Mall Shopping,Shopping
Internet Recharge,Internet Bill
Order Refund,Refund
Bank Interest,Interest
Book Purchase,Education
Book Purchase,Education
Gaming Expense,Entertainment
Interest Credited,Interest
Dmart Shopping,Groceries
Fd Interest,Interest
Design Work Payment,Freelancing
Fd Interest,Interest
Internet Recharge,Internet Bill
Gaming Expense,Entertainment
Bus Ticket,Transportation
Festival Bonus,Bonus
Petrol Filling,Transportation
Cash Gift Received,Gift
Netflix Subscription,Entertainment
Electric Bill Payment,Electricity Bill
Municipal Water Bill,Water Bill
Pizza Order,Food
Wifi Bill,Internet Bill
Yearly Bonus,Bonus
Flat Rent Income,Rental Income
Interest Credited,Interest
Business Profit Received,Business
Fd Interest,Interest
Medicine Purchase,Healthcare
Medicine Purchase,Healthcare
Doctor Visit,Healthcare
Stock Profit,Investment
Room Rent,Rent
Birthday Gift,Gift
Restaurant Dinner,Food
Wifi Bill,Internet Bill
Interest Credited,Interest
Broadband Bill,Internet Bill
Design Work Payment,Freelancing
Cash Gift Received,Gift
Cash Gift Received,Gift
Refund Received,Refund
Order Refund,Refund
Electric Bill Payment,Electricity Bill
Shop Income,Business
Grocery Shopping,Groceries
Movie Tickets,Entertainment
Refund Received,Refund
Movie Tickets,Entertainment
Monthly Salary,Salary
Movie Tickets,Entertainment
Dmart Shopping,Groceries
Gaming Expense,Entertainment
Pizza Order,Food
Salary Credited,Salary
Money Returned,Refund
Bank Interest,Interest
Petrol Filling,Transportation
Flat Rent,Rent
Hospital Bill,Healthcare
Medicine Purchase,Healthcare
Monthly Salary,Salary
Office Salary Deposit,Salary
Investment Gain,Investment
Flat Rent,Rent
Uber Ride,Transportation
Hospital Bill,Healthcare
Book Purchase,Education
Daily Sales Earning,Business
Bank Interest,Interest
Room Rent,Rent
Wifi Bill,Internet Bill
Birthday Gift,Gift
College Fees,Education
Business Profit Received,Business
Tenant Rent,Rental Income
Client Project Payment,Freelancing
Mutual Fund Return,Investment
Shop Income,Business
Design Work Payment,Freelancing
Tenant Rent,Rental Income
Grocery Shopping,Groceries
Pizza Order,Food
Electric Bill Payment,Electricity Bill
House Rent Paid,Rent
Water Bill Payment,Water Bill
Mall Shopping,Shopping
Movie Tickets,Entertainment
Dmart Shopping,Groceries
Clothes Shopping,Shopping
Festival Bonus,Bonus
Cash Gift Received,Gift
Electric Bill Payment,Electricity Bill
Internet Recharge,Internet Bill
Client Project Payment,Freelancing
Vegetables Purchase,Groceries
Festival Bonus,Bonus
Movie Tickets,Entertainment
Interest Credited,Interest
Freelance Payment,Freelancing
Mall Shopping,Shopping
Uber Ride,Transportation
Pizza Order,Food
Interest Credited,Interest
Electric Bill Payment,Electricity Bill
House Rent Received,Rental Income
Amazon Purchase,Shopping
Freelance Payment,Freelancing
Water Bill Payment,Water Bill
Performance Bonus,Bonus
Flat Rent Income,Rental Income
Refund Received,Refund
Light Bill,Electricity Bill
House Rent Paid,Rent
Shop Income,Business
Order Refund,Refund
Birthday Gift,Gift
Money Returned,Refund
Interest Credited,Interest
Municipal Water Bill,Water Bill
House Rent Paid,Rent
Restaurant Dinner,Food
Swiggy Food,Food
Shop Income,Business
Daily Sales Earning,Business
Power Bill Paid,Electricity Bill
Restaurant Dinner,Food
Clothes Shopping,Shopping
Fd Interest,Interest
Amazon Purchase,Shopping
Stock Profit,Investment
House Rent Received,Rental Income
Swiggy Food,Food
Business Profit Received,Business
Doctor Visit,Healthcare
Performance Bonus,Bonus
Bus Ticket,Transportation
Power Bill Paid,Electricity Bill
Book Purchase,Education
Swiggy Food,Food
Pizza Order,Food
Refund Received,Refund
Book Purchase,Education
Grocery Shopping,Groceries
Office Salary Deposit,Salary
Daily Sales Earning,Business
Medicine Purchase,Healthcare
Office Salary Deposit,Salary
Freelance Payment,Freelancing
Gaming Expense,Entertainment
Uber Ride,Transportation
Municipal Water Bill,Water Bill
Stock Profit,Investment
Money Returned,Refund
Investment Gain,Investment
Light Bill,Electricity Bill
Hospital Bill,Healthcare
Money Returned,Refund
Amazon Purchase,Shopping
Water Bill Payment,Water Bill
Hospital Bill,Healthcare
Book Purchase,Education
Festival Bonus,Bonus
Pizza Order,Food
Doctor Visit,Healthcare
Mutual Fund Return,Investment
Freelance Payment,Freelancing
Swiggy Food,Food
Stock Profit,Investment
House Rent Received,Rental Income
College Fees,Education
College Fees,Education
Client Project Payment,Freelancing
Power Bill Paid,Electricity Bill
Fd Interest,Interest
Wifi Bill,Internet Bill
Business Profit Received,Business
Amazon Purchase,Shopping
Book Purchase,Education
Uber Ride,Transportation
Wifi Bill,Internet Bill
Course Payment,Education
House Rent Received,Rental Income
Performance Bonus,Bonus
Shop Income,Business
Amazon Purchase,Shopping
Municipal Water Bill,Water Bill
House Rent Paid,Rent
Salary Credited,Salary
House Rent Received,Rental Income
Doctor Visit,Healthcare
Tenant Rent,Rental Income
Water Bill Payment,Water Bill
Uber Ride,Transportation
Petrol Filling,Transportation
Clothes Shopping,Shopping
House Rent Paid,Rent
Dmart Shopping,Groceries
Medicine Purchase,Healthcare
Doctor Visit,Healthcare
Hospital Bill,Healthcare
Mutual Fund Return,Investment
Water Bill Payment,Water Bill
Water Bill Payment,Water Bill
Client Project Payment,Freelancing
Municipal Water Bill,Water Bill
Investment Gain,Investment
Interest Credited,Interest
Movie Tickets,Entertainment
Order Refund,Refund
Wifi Bill,Internet Bill
Daily Sales Earning,Business
Broadband Bill,Internet Bill
Internet Recharge,Internet Bill
Restaurant Dinner,Food
Money Returned,Refund
Salary Credited,Salary
Flat Rent Income,Rental Income
Broadband Bill,Internet Bill
Flat Rent,Rent
Refund Received,Refund
Shop Income,Business
Electric Bill Payment,Electricity Bill
Yearly Bonus,Bonus
College Fees,Education
Wedding Gift,Gift
Dmart Shopping,Groceries
Shop Income,Business
Hospital Bill,Healthcare
Broadband Bill,Internet Bill
Wifi Bill,Internet Bill
Municipal Water Bill,Water Bill
Light Bill,Electricity Bill
Dmart Shopping,Groceries
Municipal Water Bill,Water Bill
Medicine Purchase,Healthcare
Water Bill Payment,Water Bill
Broadband Bill,Internet Bill
Refund Received,Refund
Swiggy Food,Food
Power Bill Paid,Electricity Bill
Clothes Shopping,Shopping
Water Bill Payment,Water Bill
Electric Bill Payment,Electricity Bill
Bank Interest,Interest
Course Payment,Education
Gaming Expense,Entertainment
Course Payment,Education
Restaurant Dinner,Food
Uber Ride,Transportation
Municipal Water Bill,Water Bill
Electric Bill Payment,Electricity Bill
Gaming Expense,Entertainment
Mall Shopping,Shopping
Bus Ticket,Transportation
Bus Ticket,Transportation
Amazon Purchase,Shopping
Performance Bonus,Bonus
Movie Tickets,Entertainment
Medicine Purchase,Healthcare
Fd Interest,Interest
Course Payment,Education
Mall Shopping,Shopping
Grocery Shopping,Groceries
Stock Profit,Investment
Daily Sales Earning,Business
Amazon Purchase,Shopping
Investment Gain,Investment
Doctor Visit,Healthcare
Power Bill Paid,Electricity Bill
Power Bill Paid,Electricity Bill
Water Bill Payment,Water Bill
Bus Ticket,Transportation
Festival Bonus,Bonus
Gaming Expense,Entertainment
College Fees,Education
Course Payment,Education
Flat Rent,Rent
Petrol Filling,Transportation
Bus Ticket,Transportation
Grocery Shopping,Groceries
Client Project Payment,Freelancing
Room Rent,Rent
Pizza Order,Food
Bus Ticket,Transportation
Movie Tickets,Entertainment
Tenant Rent,Rental Income
Bank Interest,Interest
Uber Ride,Transportation
House Rent Received,Rental Income
Office Salary Deposit,Salary
Municipal Water Bill,Water Bill
Bank Interest,Interest
Book Purchase,Education
Flat Rent Income,Rental Income
Light Bill,Electricity Bill
Restaurant Dinner,Food
Movie Tickets,Entertainment
Room Rent,Rent
Bank Interest,Interest
Bus Ticket,Transportation
Grocery Shopping,Groceries
Netflix Subscription,Entertainment
Tenant Rent,Rental Income
Mall Shopping,Shopping
Business Profit Received,Business
Design Work Payment,Freelancing
Tenant Rent,Rental Income
Refund Received,Refund
Shop Income,Business
Swiggy Food,Food
Flat Rent Income,Rental Income
Tenant Rent,Rental Income
Refund Received,Refund
College Fees,Education
Swiggy Food,Food
Birthday Gift,Gift
Performance Bonus,Bonus
Dmart Shopping,Groceries
Petrol Filling,Transportation
Municipal Water Bill,Water Bill
Yearly Bonus,Bonus
College Fees,Education
Amazon Purchase,Shopping
Restaurant Dinner,Food
Restaurant Dinner,Food
Flat Rent,Rent
Netflix Subscription,Entertainment
Municipal Water Bill,Water Bill
Dmart Shopping,Groceries
Mutual Fund Return,Investment
Wifi Bill,Internet Bill
Clothes Shopping,Shopping
Monthly Salary,Salary
Restaurant Dinner,Food
Flat Rent,Rent
Festival Bonus,Bonus
Flat Rent,Rent
Freelance Payment,Freelancing
Monthly Salary,Salary
Yearly Bonus,Bonus
Monthly Salary,Salary
Mall Shopping,Shopping
Stock Profit,Investment
Pizza Order,Food
Salary Credited,Salary
Movie Tickets,Entertainment
Office Salary Deposit,Salary
Salary Credited,Salary
Swiggy Food,Food
Shop Income,Business
Business Profit Received,Business
Refund Received,Refund
Mutual Fund Return,Investment
Municipal Water Bill,Water Bill
Money Returned,Refund
Mall Shopping,Shopping
Movie Tickets,Entertainment
Mall Shopping,Shopping
Wedding Gift,Gift
Electric Bill Payment,Electricity Bill
Wedding Gift,Gift
Uber Ride,Transportation
Dmart Shopping,Groceries
Performance Bonus,Bonus
Light Bill,Electricity Bill
Petrol Filling,Transportation
Investment Gain,Investment
Fd Interest,Interest
Investment Gain,Investment
Mall Shopping,Shopping
Refund Received,Refund
Internet Recharge,Internet Bill
Book Purchase,Education
Clothes Shopping,Shopping
House Rent Received,Rental Income
Municipal Water Bill,Water Bill
Tenant Rent,Rental Income
Book Purchase,Education
Business Profit Received,Business
Flat Rent Income,Rental Income
Restaurant Dinner,Food
Netflix Subscription,Entertainment
Movie Tickets,Entertainment
Amazon Purchase,Shopping
Salary Credited,Salary
Bank Interest,Interest
Movie Tickets,Entertainment
Office Salary Deposit,Salary
Amazon Purchase,Shopping
Client Project Payment,Freelancing
Mall Shopping,Shopping
Hospital Bill,Healthcare
Clothes Shopping,Shopping
Petrol Filling,Transportation
Dmart Shopping,Groceries
Mutual Fund Return,Investment
Vegetables Purchase,Groceries
Wedding Gift,Gift
Bank Interest,Interest
Cash Gift Received,Gift
Pizza Order,Food
House Rent Paid,Rent
Daily Sales Earning,Business
Swiggy Food,Food
Power Bill Paid,Electricity Bill
Mutual Fund Return,Investment
Petrol Filling,Transportation
Money Returned,Refund
Vegetables Purchase,Groceries
Mutual Fund Return,Investment
Power Bill Paid,Electricity Bill
Wifi Bill,Internet Bill
Festival Bonus,Bonus
Freelance Payment,Freelancing
Shop Income,Business
Performance Bonus,Bonus
Book Purchase,Education
Restaurant Dinner,Food
Monthly Salary,Salary
Money Returned,Refund
Shop Income,Business
Municipal Water Bill,Water Bill
Monthly Salary,Salary
Internet Recharge,Internet Bill
Municipal Water Bill,Water Bill
Flat Rent Income,Rental Income
Book Purchase,Education
Fd Interest,Interest
Cash Gift Received,Gift
Doctor Visit,Healthcare
Water Bill Payment,Water Bill
Monthly Salary,Salary
Internet Recharge,Internet Bill
House Rent Received,Rental Income
Refund Received,Refund
Doctor Visit,Healthcare
House Rent Received,Rental Income
Office Salary Deposit,Salary
Refund Received,Refund
Broadband Bill,Internet Bill
Money Returned,Refund
House Rent Paid,Rent
Client Project Payment,Freelancing
Wifi Bill,Internet Bill
Money Returned,Refund
Doctor Visit,Healthcare
Hospital Bill,Healthcare
Dmart Shopping,Groceries
Freelance Payment,Freelancing
Yearly Bonus,Bonus
Mall Shopping,Shopping
Power Bill Paid,Electricity Bill
Light Bill,Electricity Bill
Order Refund,Refund
Stock Profit,Investment
Stock Profit,Investment
Pizza Order,Food
Electric Bill Payment,Electricity Bill
Bus Ticket,Transportation
Wedding Gift,Gift
Design Work Payment,Freelancing
Movie Tickets,Entertainment
Mutual Fund Return,Investment
Daily Sales Earning,Business
Interest Credited,Interest
Electric Bill Payment,Electricity Bill
Design Work Payment,Freelancing
Mall Shopping,Shopping
Clothes Shopping,Shopping
College Fees,Education
Flat Rent,Rent
Internet Recharge,Internet Bill
Room Rent,Rent
Book Purchase,Education
Flat Rent,Rent
Electric Bill Payment,Electricity Bill
Petrol Filling,Transportation
Wedding Gift,Gift
House Rent Received,Rental Income
Clothes Shopping,Shopping
Yearly Bonus,Bonus
Medicine Purchase,Healthcare
Dmart Shopping,Groceries
Petrol Filling,Transportation
Uber Ride,Transportation
Movie Tickets,Entertainment
Municipal Water Bill,Water Bill
Amazon Purchase,Shopping
Bus Ticket,Transportation
Design Work Payment,Freelancing
Doctor Visit,Healthcare
Money Returned,Refund
Light Bill,Electricity Bill
Daily Sales Earning,Business
Order Refund,Refund
Water Bill Payment,Water Bill
Movie Tickets,Entertainment
Tenant Rent,Rental Income
Movie Tickets,Entertainment
Grocery Shopping,Groceries
Refund Received,Refund
Course Payment,Education
Daily Sales Earning,Business
Wedding Gift,Gift
Money Returned,Refund
Yearly Bonus,Bonus
Tenant Rent,Rental Income
Broadband Bill,Internet Bill
Municipal Water Bill,Water Bill
Cash Gift Received,Gift
House Rent Paid,Rent
Mall Shopping,Shopping
Bus Ticket,Transportation
Shop Income,Business
Mall Shopping,Shopping
Broadband Bill,Internet Bill
Investment Gain,Investment
House Rent Paid,Rent
Power Bill Paid,Electricity Bill
Bus Ticket,Transportation
Birthday Gift,Gift
Client Project Payment,Freelancing
Cash Gift Received,Gift
Swiggy Food,Food
Refund Received,Refund
Water Bill Payment,Water Bill
Wifi Bill,Internet Bill
Salary Credited,Salary
Client Project Payment,Freelancing
Room Rent,Rent
Vegetables Purchase,Groceries
Business Profit Received,Business
Office Salary Deposit,Salary
Refund Received,Refund
Festival Bonus,Bonus
Tenant Rent,Rental Income
Birthday Gift,Gift
Mutual Fund Return,Investment
Electric Bill Payment,Electricity Bill
Design Work Payment,Freelancing
Petrol Filling,Transportation
Water Bill Payment,Water Bill
Wedding Gift,Gift
Wedding Gift,Gift
Netflix Subscription,Entertainment
Gaming Expense,Entertainment
Office Salary Deposit,Salary
Wifi Bill,Internet Bill
Amazon Purchase,Shopping
House Rent Received,Rental Income
Stock Profit,Investment
Performance Bonus,Bonus
Daily Sales Earning,Business
College Fees,Education
Course Payment,Education
Pizza Order,Food
Power Bill Paid,Electricity Bill
Shop Income,Business
Book Purchase,Education
Hospital Bill,Healthcare
Stock Profit,Investment
Medicine Purchase,Healthcare
Cash Gift Received,Gift
Book Purchase,Education
Interest Credited,Interest
Bus Ticket,Transportation
Flat Rent,Rent
Business Profit Received,Business
College Fees,Education
Yearly Bonus,Bonus
Flat Rent Income,Rental Income
Cash Gift Received,Gift
Netflix Subscription,Entertainment
Room Rent,Rent
Amazon Purchase,Shopping
Bank Interest,Interest
Room Rent,Rent
Hospital Bill,Healthcare
Electric Bill Payment,Electricity Bill
Doctor Visit,Healthcare
Stock Profit,Investment
Wifi Bill,Internet Bill
Book Purchase,Education
Festival Bonus,Bonus
Dmart Shopping,Groceries
Dmart Shopping,Groceries
Fd Interest,Interest
Wedding Gift,Gift
Electric Bill Payment,Electricity Bill
Performance Bonus,Bonus
Design Work Payment,Freelancing
Water Bill Payment,Water Bill
Amazon Purchase,Shopping
Grocery Shopping,Groceries
Broadband Bill,Internet Bill
Pizza Order,Food
Internet Recharge,Internet Bill
Birthday Gift,Gift
Investment Gain,Investment
Light Bill,Electricity Bill
Book Purchase,Education
Mall Shopping,Shopping
Mutual Fund Return,Investment
Cash Gift Received,Gift
Mall Shopping,Shopping
Netflix Subscription,Entertainment
Client Project Payment,Freelancing
Broadband Bill,Internet Bill
Electric Bill Payment,Electricity Bill
Monthly Salary,Salary
Money Returned,Refund
Power Bill Paid,Electricity Bill
Flat Rent Income,Rental Income
Business Profit Received,Business
Flat Rent,Rent
Monthly Salary,Salary
Doctor Visit,Healthcare
Municipal Water Bill,Water Bill
Vegetables Purchase,Groceries
College Fees,Education
Design Work Payment,Freelancing
Daily Sales Earning,Business
Wifi Bill,Internet Bill
Tenant Rent,Rental Income
Doctor Visit,Healthcare
Wifi Bill,Internet Bill
Medicine Purchase,Healthcare
Book Purchase,Education
Petrol Filling,Transportation
Design Work Payment,Freelancing
Swiggy Food,Food
Daily Sales Earning,Business
Bus Ticket,Transportation
Uber Ride,Transportation
Money Returned,Refund
Swiggy Food,Food
Book Purchase,Education
Power Bill Paid,Electricity Bill
Order Refund,Refund
Birthday Gift,Gift
Clothes Shopping,Shopping
Freelance Payment,Freelancing
Wifi Bill,Internet Bill
Electric Bill Payment,Electricity Bill
Flat Rent Income,Rental Income
Shop Income,Business
Municipal Water Bill,Water Bill
Power Bill Paid,Electricity Bill
Wifi Bill,Internet Bill
Petrol Filling,Transportation
Power Bill Paid,Electricity Bill
Yearly Bonus,Bonus
Flat Rent Income,Rental Income
Book Purchase,Education
Bank Interest,Interest
Netflix Subscription,Entertainment
Mutual Fund Return,Investment
Power Bill Paid,Electricity Bill
Business Profit Received,Business
Grocery Shopping,Groceries
Monthly Salary,Salary
Yearly Bonus,Bonus
Fd Interest,Interest
Investment Gain,Investment
Performance Bonus,Bonus
Broadband Bill,Internet Bill
Daily Sales Earning,Business
Salary Credited,Salary
Internet Recharge,Internet Bill
Birthday Gift,Gift
Power Bill Paid,Electricity Bill
Mall Shopping,Shopping
Mutual Fund Return,Investment
Client Project Payment,Freelancing
Municipal Water Bill,Water Bill
Hospital Bill,Healthcare
Clothes Shopping,Shopping
Broadband Bill,Internet Bill
Investment Gain,Investment
Performance Bonus,Bonus
Pizza Order,Food
Salary Credited,Salary
Daily Sales Earning,Business
Business Profit Received,Business
Course Payment,Education
Book Purchase,Education
Vegetables Purchase,Groceries
Petrol Filling,Transportation
Electric Bill Payment,Electricity Bill
College Fees,Education
Investment Gain,Investment
Power Bill Paid,Electricity Bill
Money Returned,Refund
Hospital Bill,Healthcare
Netflix Subscription,Entertainment
Restaurant Dinner,Food
Clothes Shopping,Shopping
Swiggy Food,Food
Doctor Visit,Healthcare
Water Bill Payment,Water Bill
Netflix Subscription,Entertainment
Netflix Subscription,Entertainment
Mall Shopping,Shopping
Doctor Visit,Healthcare
Water Bill Payment,Water Bill
Festival Bonus,Bonus
Refund Received,Refund
House Rent Paid,Rent
Yearly Bonus,Bonus
Bank Interest,Interest
Fd Interest,Interest
Amazon Purchase,Shopping
Refund Received,Refund
Wifi Bill,Internet Bill
Stock Profit,Investment
Salary Credited,Salary
Business Profit Received,Business
Daily Sales Earning,Business
Gaming Expense,Entertainment
Water Bill Payment,Water Bill
Money Returned,Refund
Movie Tickets,Entertainment
Book Purchase,Education
Petrol Filling,Transportation
Birthday Gift,Gift
Dmart Shopping,Groceries
Performance Bonus,Bonus
Refund Received,Refund
Movie Tickets,Entertainment
Uber Ride,Transportation
Monthly Salary,Salary
Wifi Bill,Internet Bill
Room Rent,Rent
Amazon Purchase,Shopping
House Rent Paid,Rent
Dmart Shopping,Groceries
College Fees,Education
Doctor Visit,Healthcare
Gaming Expense,Entertainment
Movie Tickets,Entertainment
Festival Bonus,Bonus
Flat Rent,Rent
Movie Tickets,Entertainment
Water Bill Payment,Water Bill
Broadband Bill,Internet Bill
Water Bill Payment,Water Bill
Amazon Purchase,Shopping
Festival Bonus,Bonus
Course Payment,Education
Wifi Bill,Internet Bill
Amazon Purchase,Shopping
Power Bill Paid,Electricity Bill
Wifi Bill,Internet Bill
Shop Income,Business
Vegetables Purchase,Groceries
Bank Interest,Interest
Petrol Filling,Transportation
Internet Recharge,Internet Bill
Gaming Expense,Entertainment
Wedding Gift,Gift
Gaming Expense,Entertainment
Grocery Shopping,Groceries
Uber Ride,Transportation
Broadband Bill,Internet Bill
Course Payment,Education
Hospital Bill,Healthcare
Wedding Gift,Gift
Freelance Payment,Freelancing
Movie Tickets,Entertainment
Movie Tickets,Entertainment
Grocery Shopping,Groceries
Dmart Shopping,Groceries
Flat Rent,Rent
Business Profit Received,Business
Grocery Shopping,Groceries
Restaurant Dinner,Food
Dmart Shopping,Groceries
Netflix Subscription,Entertainment
Dmart Shopping,Groceries
Performance Bonus,Bonus
Internet Recharge,Internet Bill
Yearly Bonus,Bonus
Bank Interest,Interest
Water Bill Payment,Water Bill
Design Work Payment,Freelancing
Municipal Water Bill,Water Bill
Amazon Purchase,Shopping
Book Purchase,Education
Swiggy Food,Food
Room Rent,Rent
Flat Rent Income,Rental Income
Power Bill Paid,Electricity Bill
Freelance Payment,Freelancing
Monthly Salary,Salary
Vegetables Purchase,Groceries
Freelance Payment,Freelancing
Dmart Shopping,Groceries
Salary Credited,Salary
Fd Interest,Interest
Hospital Bill,Healthcare
Broadband Bill,Internet Bill
Swiggy Food,Food
Salary Credited,Salary
Light Bill,Electricity Bill
Refund Received,Refund
Fd Interest,Interest
Business Profit Received,Business
House Rent Received,Rental Income
Petrol Filling,Transportation
Birthday Gift,Gift
Order Refund,Refund
Client Project Payment,Freelancing
Restaurant Dinner,Food
Freelance Payment,Freelancing
Wedding Gift,Gift
Grocery Shopping,Groceries
Flat Rent Income,Rental Income
Book Purchase,Education
Festival Bonus,Bonus
Book Purchase,Education
Room Rent,Rent
Pizza Order,Food
Fd Interest,Interest
Daily Sales Earning,Business
Swiggy Food,Food
Water Bill Payment,Water Bill
Business Profit Received,Business
Mall Shopping,Shopping
Client Project Payment,Freelancing
Flat Rent Income,Rental Income
Vegetables Purchase,Groceries
Clothes Shopping,Shopping
Money Returned,Refund
Fd Interest,Interest
Amazon Purchase,Shopping
Pizza Order,Food
Course Payment,Education
Design Work Payment,Freelancing
Office Salary Deposit,Salary
Office Salary Deposit,Salary
Netflix Subscription,Entertainment
Light Bill,Electricity Bill
Light Bill,Electricity Bill
Shop Income,Business
Book Purchase,Education
Doctor Visit,Healthcare
Amazon Purchase,Shopping
Bank Interest,Interest
Tenant Rent,Rental Income
Cash Gift Received,Gift
Money Returned,Refund
Client Project Payment,Freelancing
Money Returned,Refund
Wedding Gift,Gift
Book Purchase,Education
Wifi Bill,Internet Bill
Birthday Gift,Gift
Internet Recharge,Internet Bill
Dmart Shopping,Groceries
Wifi Bill,Internet Bill
Salary Credited,Salary
Bus Ticket,Transportation
Movie Tickets,Entertainment
Hospital Bill,Healthcare
Interest Credited,Interest
Mutual Fund Return,Investment
House Rent Received,Rental Income
Cash Gift Received,Gift
Wifi Bill,Internet Bill
Electric Bill Payment,Electricity Bill
Cash Gift Received,Gift
Hospital Bill,Healthcare
Bus Ticket,Transportation
Mall Shopping,Shopping
Order Refund,Refund
Course Payment,Education
Internet Recharge,Internet Bill
Municipal Water Bill,Water Bill
Water Bill Payment,Water Bill
Performance Bonus,Bonus
Movie Tickets,Entertainment
College Fees,Education
Mall Shopping,Shopping
Course Payment,Education
Fd Interest,Interest
Doctor Visit,Healthcare
Course Payment,Education
Yearly Bonus,Bonus
Cash Gift Received,Gift
Internet Recharge,Internet Bill
Refund Received,Refund
Municipal Water Bill,Water Bill
Pizza Order,Food
Yearly Bonus,Bonus
Broadband Bill,Internet Bill
Movie Tickets,Entertainment
Internet Recharge,Internet Bill
Wedding Gift,Gift
Stock Profit,Investment
Office Salary Deposit,Salary
Client Project Payment,Freelancing
Cash Gift Received From Relatives,Gift
Monthly Shop Rent Received,Rental Income
D-Mart Grocery Purchase,Groceries
Dominos Pizza Order,Food
Electricity Charge Payment,Electricity Bill
Skincare Products Shopping,Cosmetics
